model_id,lamda_su,lamda_lu,gamma_su,gamma_lu,sigma_su,sigma_lu,sigma_s,chi_s,lamda_alpha,lamda_beta,lamda_planck,lamda_net,forcing_2xCO2,equilibrium_warming_2xCO2,neg_log_likelihood,num_parameters,num_years,aic,bic,status,note
ACCESS-CM2,1.674475980580213,2.504238978912939,49.99999999999999,49.99999999999999,2.0272263965639685,3.1483546386915706,6.631256719022407,45.64408242084155,1.674475980580213,0.8222714140214609,3.3265103929344,0.8297629983327262,3.708337415995707,4.469152545301499,-61.21038482512449,8,150,-106.42076965024899,-82.33568729747894,ok,
ACCESS-ESM1-5,1.184261827028854,2.2844154924036806,49.99999999999999,1.2260604619110957,2.3926233640469063,0.6061126667489583,6.968065328962423,46.21286541295114,1.184261827028854,1.0420949005307194,3.3265103929344,1.1001536653748265,3.708337415995707,3.3707449538263026,-3.0748208263896184,8,150,9.850358347220762,33.93544069999081,ok,
AWI-CM-1-1-MR,0.39901799142931643,1.5750804283214113,3.440890822733321,4.635077506485543,0.8975354980310501,0.44690972555676267,4.578213807377711,28.288340525324656,0.39901799142931643,1.7514299646129887,3.3265103929344,1.1760624368920949,3.708337415995707,3.153180732304905,-71.14953137457987,8,151,-126.29906274915973,-102.16082405464033,ok,
BCC-CSM2-MR,0.7281583463082806,2.0239789681075555,49.99999999999999,49.99999999999999,2.3228722123716845,1.9522319522126308,4.387020620314398,44.27587174933975,0.7281583463082806,1.3025314248268445,3.3265103929344,1.295820621799275,3.708337415995707,2.861767557647447,-173.19747077741243,8,151,-330.39494155482487,-306.2567028603055,ok,
BCC-ESM1,0.8287092086352686,2.062313270395859,49.99999999999999,0.8665862431666397,2.2964448191467666,0.46694042789803075,4.289202222625966,47.61243927289597,0.8287092086352686,1.2641971225385409,3.3265103929344,1.2336040617605906,3.708337415995707,3.0061001993647745,-110.71131764282599,8,151,-205.42263528565198,-181.28439659113258,ok,
CAMS-CSM1-0,0.18820557431062443,1.7623415715276336,4.1973278762430875,49.99999999999999,1.06174147226801,1.509538662643755,3.8297176534977306,32.11400447514466,0.18820557431062443,1.5641688214067664,3.3265103929344,1.5741359972170093,3.708337415995707,2.3557922711581814,-115.52433283699399,8,150,-215.04866567398798,-190.96358332121793,ok,
CAS-ESM2-0,0.7757241561686358,1.8806840292392029,1.6515292242783348,49.99999999999999,0.4631809372314935,1.6997809731305786,4.509467863114728,35.675810643050795,0.7757241561686358,1.4458263636951971,3.3265103929344,1.104959873070567,3.708337415995707,3.3560833351265766,-145.2021542041902,8,150,-274.4043084083804,-250.3192260556104,ok,
CESM2-FV2,1.1842814613264496,2.022963898681356,0.5,8.762798469332575,0.4683449422324811,0.8145540381599786,7.018333270198653,47.287971425123565,1.1842814613264496,1.3035464942530441,3.3265103929344,0.8386824373549062,3.708337415995707,4.421622834611052,-33.795837221927286,8,150,-51.59167444385457,-27.506592091084528,ok,
CESM2-WACCM-FV2,1.2095999065988747,2.1038097317695312,0.6385399868967416,11.937673901491449,0.5037304014659779,0.8716202985601322,7.490105970905269,51.0755578664617,1.2095999065988747,1.2227006611648688,3.3265103929344,0.8942098251706565,3.708337415995707,4.147055100057735,-46.2730064103095,8,150,-76.546012820619,-52.460930467848954,ok,
CESM2-WACCM,1.304289618792066,2.1511625907159777,13.332156686916594,49.99999999999999,1.3770600273025109,2.739183618890026,5.939979063113778,50.3280250917645,1.304289618792066,1.1753478022184223,3.3265103929344,0.8468729719239116,3.708337415995707,4.378859095681338,-72.82815581093087,8,150,-129.65631162186173,-105.57122926909169,ok,
CESM2,1.2594929348947863,1.9667898249962334,0.5,10.786201899126755,0.3384988536108823,1.0879538667205146,5.299811316112147,49.40815294690625,1.2594929348947863,1.3597205679381665,3.3265103929344,0.7072968901014471,3.708337415995707,5.242971470528907,-182.81013963933086,8,251,-349.6202792786617,-321.41665576560746,ok,
CIESM,1.457042878597772,2.102135411246428,0.5,0.5,0.4625355878297466,0.5885255452759387,5.365613477297191,43.608975464719094,1.457042878597772,1.2243749816879719,3.3265103929344,0.6450925326486561,3.708337415995707,5.748535641499078,63.228889607952254,8,150,142.4577792159045,166.54286156867454,pending,"Provenance blocked: abrupt-4xCO2 declares piControl r2i1p1f1, but supplied control is r1i1p1f1. The years 91–118 rsut/rlut episode was reproduced from raw files; its cause remains unresolved. Do not use until the parent-control mismatch is resolved."
CMCC-CM2-SR5,0.9907061141824629,2.0160464215154406,0.6791733425052615,49.99999999999999,0.30768669559460265,1.7558186682139456,6.29692022470014,32.32805954076668,0.9907061141824629,1.3104639714189594,3.3265103929344,1.0253403073329777,3.708337415995707,3.6166893951935806,-96.6383482155936,8,165,-177.2766964311872,-152.42913263998256,ok,
CMCC-ESM2,0.9904760683409173,2.0211974091582707,0.5398032929862233,49.99999999999999,0.3144222089898968,1.5876145138438553,6.578961337235087,29.23607174355605,0.9904760683409173,1.3053129837761293,3.3265103929344,1.0307213408173534,3.708337415995707,3.5978079323117793,-74.99168120462558,8,165,-133.98336240925116,-109.13579861804652,ok,
CNRM-CM6-1-HR,0.9051747872376251,1.727327895332823,0.5,49.99999999999999,0.27931568838734755,3.0280860649474213,5.92043599297586,46.58597934648298,0.9051747872376251,1.599182497601577,3.3265103929344,0.8221531080951979,3.708337415995707,4.510519244508305,-75.68827451060046,8,150,-135.37654902120093,-111.29146666843089,ok,Source repaired: SHA256-pinned analyst correction removes character spacing in parent experiment labels. All original CSV years and values agree with raw regeneration within an explicit 1e-4 absolute tolerance; original CSV bytes and numerical parameter rows are preserved.
CNRM-CM6-1,0.9141982764644276,1.6777635013489154,32.95924363144594,49.99999999999999,2.1983023402000628,2.777887705695609,8.020303050954794,52.73756650044887,0.9141982764644276,1.6487468915854846,3.3265103929344,0.7635652248844877,3.708337415995707,4.856608571398343,-30.479797125023154,8,150,-44.95959425004631,-20.874511897276264,ok,
CNRM-ESM2-1,0.8149230463163499,1.6989343458793194,1.2790601964058177,1.153944810871437,0.3594043643279582,0.5748944772216409,7.151620093435185,51.04184550241021,0.8149230463163499,1.6275760470550806,3.3265103929344,0.8840112995629694,3.708337415995707,4.194898207555725,-36.0325306093871,8,150,-56.065061218774204,-31.97997886600416,ok,
CanESM5-1,0.9390175846141982,1.6108204623975397,49.99999999999999,49.99999999999999,3.2402158229192977,3.346647216678815,6.135767989592369,41.55396519760818,0.9390175846141982,1.7156899305368603,3.3265103929344,0.6718028777833416,3.708337415995707,5.519978461883959,19.454128102210007,8,150,54.90825620442001,78.99333855719006,caution,Three-layer temperature RMSE 0.28 K; shortwave and longwave RMSE about 0.7 W m⁻².
CanESM5,0.9432079417578936,1.6045110504193425,49.99999999999999,49.99999999999999,3.7798343839007336,3.446364347607994,6.342140084729213,42.73450889628822,0.9432079417578936,1.7219993425150575,3.3265103929344,0.6613031086614489,3.708337415995707,5.607621327384646,48.04925280896744,8,151,112.09850561793488,136.23674431245428,ok,
E3SM-1-0,1.2188447517180303,1.9392355873366383,1.1498244842392054,21.760627999987786,0.5508852964177898,1.1999412070271296,4.313451964662472,25.265923357076908,1.2188447517180303,1.3872748055977617,3.3265103929344,0.720390835618608,3.708337415995707,5.1476743354339245,-38.731246913129674,8,150,-61.46249382625935,-37.3774114734893,ok,
E3SM-2-0-NARRM,1.0358300516020973,2.0171692890035526,1.0759941707471443,49.99999999999999,0.5517497378048044,2.167335944700034,3.276091773467218,24.214186174877412,1.0358300516020973,1.3093411039308473,3.3265103929344,0.9813392374014553,3.708337415995707,3.778853707934095,-49.010719144095724,8,150,-82.02143828819145,-57.9363559354214,ok,
E3SM-2-0,1.0243738824320492,2.0058759350436817,0.8472405850417598,49.99999999999999,0.5310591967207446,1.8157171722846743,2.833896768869493,24.119633610166684,1.0243738824320492,1.3206344578907183,3.3265103929344,0.9815020526116325,3.708337415995707,3.7782268576294538,-90.64400225909462,8,150,-165.28800451818924,-141.20292216541918,ok,
EC-Earth3-AerChem,0.847023162441382,1.8019847594887848,0.8295047101960409,49.99999999999999,0.40497756573250526,1.9930480225959457,5.524236850192205,30.46886265592831,0.847023162441382,1.5245256334456152,3.3265103929344,0.9549615970474028,3.708337415995707,3.8832319827952526,-48.7262734681109,8,150,-81.4525469362218,-57.36746458345175,ok,
EC-Earth3-CC,0.8255498575785941,1.737520324476106,1.0848967631914905,49.99999999999999,0.5215616419553585,1.926820686539495,5.487844755600135,28.935740829787434,0.8255498575785941,1.588990068458294,3.3265103929344,0.9119704668975118,3.708337415995707,4.066291125206419,-24.70341918150038,8,165,-33.40683836300076,-8.559274571796117,ok,
EC-Earth3-Veg-LR,0.865652039575724,1.7665284020517904,1.698854187538515,49.99999999999999,0.569800934674994,2.2537694918021094,5.104213692326648,27.610763990470303,0.865652039575724,1.5599819908826096,3.3265103929344,0.9008763624760664,3.708337415995707,4.116366651915818,-16.758263396204825,8,151,-17.51652679240965,6.621711902109745,ok,
EC-Earth3-Veg,0.8766973432131454,1.7525398180937355,1.5377609098183862,49.99999999999999,0.6393363073367019,2.1556936393003983,5.110279554817479,27.616325085628855,0.8766973432131454,1.5739705748406645,3.3265103929344,0.8758424748805901,3.708337415995707,4.234023266000306,0.3926964601376771,8,151,16.785392920275353,40.92363161479475,caution,Constant-control-baseline sensitivity: alternative 251-year common windows shift the tas mean by up to 0.413 K. Review stationarity/baseline choice; no automatic drift correction is applied.
EC-Earth3,0.8470345380077514,1.756027641962831,1.7246587397482056,49.99999999999999,0.5655612772866077,1.9630577850419786,5.1418575607989405,27.309424154578693,0.8470345380077514,1.570482750971569,3.3265103929344,0.9089931039550795,3.708337415995707,4.079610065093481,-38.71615510228217,8,160,-61.432310204564345,-36.83091968269373,ok,
FGOALS-f3-L,0.5392868383979071,1.7355679715016046,1.4764474777281502,49.99999999999999,0.5457910330555799,2.39228665707965,6.6230859960447015,36.39722062742525,0.5392868383979071,1.5909424214327954,3.3265103929344,1.1962811331036973,3.708337415995707,3.099887905424533,-8.309419799206864,8,160,-0.6188395984137287,23.982550923456884,pending,Aggregation blocked: declared monthly intervals cover only 20 days and leave gaps. Obtain an authoritative interpretation or corrected bounds before using these legacy estimates.
FGOALS-g3,0.03551219393053659,1.3365274771415057,0.9272600122437288,49.99999999999999,0.29158813516296206,1.3315710890079393,5.32511552571965,46.79368589602388,0.03551219393053659,1.9899829157928943,3.3265103929344,1.3010152832109692,3.708337415995707,2.8503411634361044,-236.49300183872163,8,152,-456.98600367744325,-432.79495951067304,ok,
FIO-ESM-2-0,1.1159755733752623,1.9898367751776564,1.4347714658708377,49.99999999999999,0.3735780947493306,1.5266179697227389,7.961401586059406,52.061641655001594,1.1159755733752623,1.3366736177567435,3.3265103929344,0.8738612018023941,3.708337415995707,4.243622909847726,-151.73076837724744,8,150,-287.4615367544949,-263.37645440172486,caution,"Original estimates use tas control years 301–551 and radiation years 401–651. Re-estimation uses one shared control window, so results can differ."
GISS-E2-1-G,0.08812306369849128,1.4191852192955094,1.7441283975972752,4.937798349520982,0.4535367744725116,0.6004918469726301,9.26643787464839,53.2283336421306,0.08812306369849128,1.9073251736388905,3.3265103929344,1.3310621555970181,3.708337415995707,2.7859986856379484,-79.34984856738369,8,151,-142.69969713476738,-118.56145844024797,ok,
GISS-E2-1-H,0.19737226520605647,1.414580965389177,2.9412368514630782,5.365187986144362,0.6110961254844204,0.8075031906852496,7.001845259080363,40.01253862345218,0.19737226520605647,1.911929427545223,3.3265103929344,1.2172087001831204,3.708337415995707,3.0465912833500237,-35.70324940650384,8,151,-55.40649881300769,-31.268260118488293,ok,
GISS-E2-2-G,0.13213124385006256,1.4039651818435173,1.5314883233545473,3.4104610097163595,0.46255992350559855,0.4583901857232865,8.355725979884266,57.77492378146599,-0.13213124385006256,1.9225452110908827,3.3265103929344,1.5360964256935798,3.708337415995707,2.4141306196460386,-109.41795689300886,8,151,-202.83591378601773,-178.69767509149833,ok,Outgoing shortwave falls with warming: the shortwave feedback enters with the opposite sign (net feedback lamda_lu + lamda_su); pass model_id to simulate.
GISS-E2-2-H,0.00857786801842565,1.422135385791845,0.526811978911118,3.5471943919751614,0.41909057613605966,0.5699408560372219,5.002219650376773,38.203780722069915,-0.00857786801842565,1.904375007142555,3.3265103929344,1.4307132538102707,3.708337415995707,2.5919501382402625,-60.681312385195106,8,151,-105.36262477039021,-81.22438607587083,ok,Outgoing shortwave falls with warming: the shortwave feedback enters with the opposite sign (net feedback lamda_lu + lamda_su); pass model_id to simulate.
HadGEM3-GC31-LL,1.756253724507485,2.452740532294361,49.99999999999999,49.99999999999999,2.1257752359392406,2.9125519883393256,6.166627482067417,39.78736291798983,1.756253724507485,0.873769860640039,3.3265103929344,0.696486807786876,3.708337415995707,5.324346957524073,-55.6068548954582,8,150,-95.2137097909164,-71.12862743814635,caution,Constant-control-baseline sensitivity: alternative 251-year common windows shift the tas mean by up to 0.469 K. Review stationarity/baseline choice; no automatic drift correction is applied.
HadGEM3-GC31-MM,1.738256901910053,2.4412446625710666,49.99999999999999,49.99999999999999,1.9618507836326584,2.8718048219644894,6.359306580814618,44.58363582292492,1.738256901910053,0.8852657303633333,3.3265103929344,0.7029877606610135,3.708337415995707,5.275109501919049,-82.23617888028251,8,150,-148.47235776056502,-124.38727540779497,ok,
ICON-ESM-LR,0.5492122749168086,1.5298665791467803,19.78411233860314,4.317614681513413,2.3901968399215683,0.5517004797067457,7.717809732522144,47.28187083293398,0.5492122749168086,1.7966438137876197,3.3265103929344,0.9806543042299717,3.708337415995707,3.7814930297048597,-23.076629855700983,8,170,-30.153259711401965,-5.066872214999869,ok,
IITM-ESM,0.5233918314504069,1.9925940847241232,2.992331130128254,2.461332623092248,1.2494737751321872,0.5411313577961804,9.361169335314239,65.6515032214412,0.5233918314504069,1.3339163082102767,3.3265103929344,1.4692022532737163,3.708337415995707,2.5240482770378883,44.60621874559706,8,165,105.21243749119412,130.06000128239876,ok,
INM-CM4-8,0.288444200957858,2.384419902446208,0.9610828035752789,49.99999999999999,0.2670843696765063,1.981796745374463,1.5905228881749536,22.377785959314416,0.288444200957858,0.9420904904881922,3.3265103929344,2.0959757014883498,3.708337415995707,1.7692654611226748,-265.284382435404,8,150,-514.568764870808,-490.48368251803794,ok,
INM-CM5-0,0.3078090970553391,2.3341542757915974,1.072785737622355,49.99999999999999,0.28813675411332146,1.5893547302502948,2.450144290916574,29.9080936273422,0.3078090970553391,0.9923561171428026,3.3265103929344,2.0263451787362583,3.708337415995707,1.830062052067769,-268.9394352562669,8,150,-521.8788705125338,-497.7937881597638,ok,
IPSL-CM5A2-INCA,1.7191209094760105,2.786032265374732,0.5,0.5,0.4342863829838552,0.5301852359585767,7.208077238844486,54.19741962961195,1.7191209094760105,0.540478127559668,3.3265103929344,1.0669113558987215,3.708337415995707,3.475768999451654,50.305048909533724,8,150,116.61009781906745,140.69518017183748,caution,"Temperature path fits (RMSE 0.18 K). Both adjustment rates sit at the lower bound 0.5 per year, so the emulator rises more slowly than the immediate shortwave and longwave jump of the first ~10 years (component RMSE about 1 W m⁻², offsetting in the net flux). An earlier apparent degenerate fit was a numerical artefact of the old noise discretisation."
IPSL-CM6A-LR,0.988542118627537,1.8114260655991452,49.99999999999999,49.99999999999999,3.245764311137213,2.4468675113870173,6.497835819469899,40.28320423377791,0.988542118627537,1.5150843273352548,3.3265103929344,0.8228839469716082,3.708337415995707,4.5065132569947375,-24.05052872248732,8,251,-32.10105744497464,-3.897433931920375,ok,"Source repaired: SHA256-pinned analyst correction re-expresses the final abrupt chunk child branch as 1850-01-01 (-219146 days since 2450), using earlier chunks as evidence. Full annual series agree within an explicit 1e-4 absolute tolerance; original CSV bytes are preserved."
IPSL-CM6A-MR1,1.0231303900722717,1.8266816827082935,49.99999999999999,49.99999999999999,3.2644569680652245,2.168340502616011,5.1356800901851285,33.43844273015732,1.0231303900722717,1.4998287102261065,3.3265103929344,0.8035512926360218,3.708337415995707,4.614935536760369,-38.501942950821004,8,150,-61.00388590164201,-36.91880354887196,ok,
KACE-1-0-G,1.7147477916751948,2.4997814680146937,49.99999999999997,49.99999999999999,1.787385431799684,2.7745125674829154,6.994372900278512,56.221570968495094,1.7147477916751948,0.8267289249197063,3.3265103929344,0.7850336763394989,3.708337415995707,4.723794058475504,-122.7973105251789,8,151,-229.5946210503578,-205.4563823558384,caution,Constant-control-baseline sensitivity: alternative 251-year common windows shift the tas mean by up to 0.727 K; the selected window has a fitted 0.791 K trend. Review stationarity/baseline choice; no automatic drift correction is applied.
KIOST-ESM,1.0717722651512085,2.336786215566958,49.99999999999999,0.8531270757671344,3.3586958169746093,0.5057675572559444,9.43363815712804,72.82762862034676,1.0717722651512085,0.9897241773674419,3.3265103929344,1.2650139504157496,3.708337415995707,2.931459700327379,15.340524388664896,8,151,46.68104877732979,70.81928747184918,pending,Aggregation blocked: declared monthly intervals run from the second day of one month to the second day of the next. The verified provider parent-branch repair remains valid; obtain authoritative interval corrections before using these legacy estimates.
MIROC-ES2H,0.9125406812858057,2.356767297854708,2.1296059661437443,3.5772471486360304,0.8809604166740552,0.6583088816926673,8.477112011718637,38.04407981260514,0.9125406812858057,0.9697430950796919,3.3265103929344,1.4442266165689024,3.708337415995707,2.567697737634644,88.44253946856553,8,140,192.88507893713106,216.41821831800547,ok,Source repaired: complete ESGF r1i1p4f2 sources cover 420 control and 140 abrupt years; all eight full annual series match existing CSVs within 2.28e-13. The original one-year r1i1p1f2 files belong to a different physics member. Original CSV bytes and published fits are preserved.
MIROC-ES2L,0.8018041496844563,2.139374621690756,1.0883713288559569,3.5787676401002795,0.5532008791352995,0.37311948076280826,8.751063885497317,41.711243150858266,0.8018041496844563,1.1871357712436441,3.3265103929344,1.3375704720062995,3.708337415995707,2.772442644037556,-7.816699463423075,8,150,0.36660107315385027,24.451683425923896,caution,The four-layer likelihood and information criteria are unreliable because the nearly disconnected bottom layer gives an invalid stationary covariance. Use the three-layer specification; the four-layer row is marked do-not-use.
MIROC6,0.9147644699661961,2.3350399313764845,1.1600961083711145,3.6989034660399307,0.4996057506591896,0.4719153154647285,8.258373361011907,38.31336365250193,0.9147644699661961,0.9914704615579155,3.3265103929344,1.4202754614102884,3.708337415995707,2.6109987229614218,5.923062059123975,8,250,27.84612411824795,56.01781146114592,ok,
MPI-ESM-1-2-HAM,0.6927892980516558,1.8947225481860126,0.590056519909028,14.322158460791536,0.4023850944420514,0.9484050859095425,5.943301280504766,53.11685989900184,0.6927892980516558,1.4317878447483874,3.3265103929344,1.2019332501343567,3.708337415995707,3.0853106156944863,-123.12199714052889,8,150,-230.24399428105778,-206.15891192828775,ok,
MPI-ESM1-2-HR,0.314977894612884,1.5671654179481427,1.0270018704875559,7.891009773342807,0.3541513247802242,0.6245580999239213,5.158801150019156,51.22025372934501,0.314977894612884,1.7593449749862573,3.3265103929344,1.2521875233352586,3.708337415995707,2.961487274780043,-219.72142009522062,8,165,-423.44284019044125,-398.5952763992366,ok,
MPI-ESM1-2-LR,0.3394991693672348,1.507052578438005,0.5,2.072849899649332,0.37725267578561733,0.3840062662727309,6.6515051308722555,47.274522290444246,0.3394991693672348,1.8194578144963949,3.3265103929344,1.1675534090707704,3.708337415995707,3.1761608395688636,-89.21400610358266,8,165,-162.42801220716532,-137.5804484159607,ok,
MRI-ESM2-0,0.997571207453851,2.2219735491567545,49.99999999999999,49.99999999999999,3.1974002182591814,2.7345238913069743,7.578185388016287,58.80275297449819,0.997571207453851,1.1045368437776455,3.3265103929344,1.2244023417029035,3.708337415995707,3.0286918684246693,-33.53536376251855,8,151,-51.0707275250371,-26.932488830517705,ok,
NESM3,0.8155633573193921,1.5851189410022328,0.5,2.675624901305739,0.32491567817001465,0.6099361416157077,8.54354566967669,59.39248771154666,0.8155633573193921,1.7413914519321672,3.3265103929344,0.7695555836828407,3.708337415995707,4.818803858518991,-50.40027642395123,8,150,-84.80055284790247,-60.71547049513242,pending,Aggregation blocked: declared standard-calendar leap years disagree with the monthly interval lengths and boundaries. Obtain an authoritative calendar/time-axis correction before using these legacy estimates.
NorCPM1,0.8482273733093053,2.134027215279836,49.99999999999999,1.776262447108456,2.777440024311242,0.5185988168791495,6.205529751172412,59.63783484716854,0.8482273733093053,1.1924831776545641,3.3265103929344,1.2857998419705305,3.708337415995707,2.884070517781802,-84.0483141900092,8,150,-152.0966283800184,-128.01154602724836,ok,
NorESM2-LM,0.6145076446298029,1.9789301611850567,0.5998485496203954,4.125972526082477,0.8694520697338312,0.623661619846199,5.658175936158176,28.98990532581444,0.6145076446298029,1.3475802317493433,3.3265103929344,1.364422516555254,3.708337415995707,2.7178805472648717,193.12056150602675,8,251,402.2411230120535,430.44474652510775,caution,Three-layer temperature RMSE 0.30 K and shortwave RMSE 0.86 W m⁻²: the shortwave response is not linear in temperature; AIC/BIC prefer the two-layer model.
NorESM2-MM,0.5478148726866237,2.04559125462053,3.283896235847535,4.59005781404758,1.6381921472878311,0.41176478960295176,6.017463942231211,27.766185682814893,0.5478148726866237,1.28091913831387,3.3265103929344,1.4977763819339063,3.708337415995707,2.4758952409221178,80.14146023601288,8,150,176.28292047202575,200.36800282479578,ok,
SAM0-UNICON,1.4553008195007149,2.433857214656707,49.99999999999999,4.670920271677001,2.647810084036997,0.5087378649016836,7.491450288378775,47.83187999237304,1.4553008195007149,0.8926531782776932,3.3265103929344,0.9785563951559919,3.708337415995707,3.7896001031239086,-84.4218051732723,8,150,-152.8436103465446,-128.75852799377458,ok,
TaiESM1,1.1670794500067707,1.994929387949275,49.99999999999999,49.99999999999999,1.9417270625217264,1.5269078767196198,7.1174870540961805,49.73146436654079,1.1670794500067707,1.3315810049851249,3.3265103929344,0.8278499379425044,3.708337415995707,4.479480212575987,-177.3111290254451,8,150,-338.6222580508902,-314.53717569812017,ok,
UKESM1-0-LL,1.7593584528034147,2.4488641859970066,0.5000000000000077,49.99999999999995,0.3244397725768848,3.048380261766397,6.436083107359833,47.69843333213318,1.7593584528034147,0.8776462069373934,3.3265103929344,0.6895057331935919,3.708337415995707,5.378254650356215,-42.90254371377762,8,150,-69.80508742755524,-45.72000507478519,ok,
UKESM1-1-LL,1.7259746493701373,2.444026124688022,49.99999999999999,49.99999999999999,2.370902972587573,3.145702072670182,6.488401248649741,45.059049049123935,1.7259746493701373,0.8824842682463778,3.3265103929344,0.7180514753178848,3.708337415995707,5.164445089892766,-39.25649694055509,8,150,-62.51299388111018,-38.42791152834013,ok,
